time_s,u_mps,v_mps,w_mps,p_radps,q_radps,r_radps,q0,q1,q2,q3,north_m,east_m,altitude_m,canard_rad,elevon_left_rad,elevon_right_rad,rudder_rad,throttle
0,199.99995554,0,0.133356729853,0,0,0,0.987688285704,0.156434456346,0.000329287236338,-5.21539746334e-05,0,0,5000,0,0.00802772413811,0.00802772413811,0,0.142813141239
0.05,199.999958055,0.136793062762,0.110679016914,-0.0713239944147,-3.18815821727e-06,0.00315875380598,0.987800715394,0.155722962597,0.000324329830268,-1.99292377662e-05,10.0000000753,0.00169682882803,4999.99971704,0,0.333701866513,-0.31753466056,0.0182218083173,0.14281222798
0.1,200.00001757,0.230216075897,0.0914552202589,-0.176025417422,-1.18649751865e-06,0.00700421676684,0.988278774675,0.152659619083,0.000303856079112,0.000109083862751,20.0000003655,0.0107687391606,4999.99818852,0,0.33999089483,-0.32388150371,0.0263365184899,0.142809825783
0.15,200.000179736,0.287976871915,0.0782566353871,-0.263071655135,0.000278208734765,0.00898582523277,0.989109485076,0.147181021545,0.000274773784076,0.000312935237389,30.0000006261,0.0269534261314,4999.99539615,0,0.258723568088,-0.242927126738,0.0293627769028,0.142807251217
0.2,200.000430106,0.328925545009,0.0739556033223,-0.322801192243,0.000828993730626,0.00897795886602,0.99016826264,0.139880140539,0.000252237694565,0.000542512721677,40.000000888,0.0499173744035,4999.99136294,0,0.170219688055,-0.154610745201,0.0293537055877,0.142805313947
0.25,200.000725067,0.369206965722,0.0789354292407,-0.357909172781,0.00137808179931,0.00751384954927,0.991328267663,0.131406374942,0.000245937689973,0.000754898295371,50.0000010111,0.0792711803857,4999.9861714,0,0.0965078765192,-0.0808488569177,0.0274516226962,0.142804235509
0.3,200.001018467,0.419285847669,0.0910906754939,-0.373834315746,0.00173437288751,0.00519363252681,0.992492601826,0.122300945576,0.000256898174331,0.000920888585967,60.0000005181,0.114583614204,4999.97996199,0,0.0406954878841,-0.0248895430128,0.0244463117601,0.142803846945
0.35,200.00127045,0.484413838534,0.107635798424,-0.375790905795,0.00187485619482,0.00251031679106,0.993597537208,0.112972584381,0.000281486261873,0.00102469448516,69.999998768,0.155390627603,4999.97291344,0,0.000469089515082,0.0154639903873,0.0209197935806,0.142803822448
0.4,200.00144777,0.56591983892,0.12624200116,-0.368027447054,0.00184511824629,-0.000180406689257,0.994606561943,0.103713844297,0.000315062011163,0.00106121512947,79.9999951792,0.201203485458,4999.96522124,0,-0.0274831010244,0.0434985627213,0.0172952280351,0.14280385231
0.45,200.001523982,0.662489752578,0.145191171757,-0.353791767127,0.00169292205051,-0.00264527123138,0.995502840619,0.094725406867,0.000353287691315,0.0010328609108,89.9999893586,0.25151769928,4999.95708195,0,-0.0461794441071,0.0622373590346,0.013866347497,0.142803731066
0.5,200.001481131,0.771215865335,0.163270501954,-0.335488259836,0.0014627149884,-0.00474780686045,0.996282642213,0.0861385299769,0.000392501343383,0.000946794753798,99.9999811572,0.305822104215,4999.94868256,0,-0.0580595304069,0.0741214057177,0.0108223736731,0.142803379012
0.55,200.001311314,0.888387853911,0.179721520101,-0.314860507581,0.00119800050929,-0.00642334090658,0.9969503269,0.0780333271118,0.000429993093478,0.000812809526045,109.999970685,0.363607405999,4999.9401932,0,-0.0649972807159,0.0810281747511,0.00827077013344,0.142802825913
0.6,200.001017,1.01005659142,0.194178864841,-0.293151013874,0.000934858072316,-0.00765794000844,0.997514790758,0.0704529272286,0.000464103085925,0.000641772130846,119.999958291,0.424373923416,4999.93176309,0,-0.0683959402418,0.084371020838,0.00625739010464,0.142802178673
0.65,200.000610122,1.13241628272,0.206559370382,-0.271228845861,0.000697020565366,-0.00847174365452,0.997987073942,0.0634141824579,0.000494069262713,0.000444526801585,129.999944517,0.487638318778,4999.92351923,0,-0.0692936225212,0.0851998985617,0.00478336003955,0.142801585943
0.7,200.000110193,1.25204719852,0.21694758576,-0.249687842487,0.000496917833025,-0.00890619841933,0.998378828365,0.0569156522549,0.000519769799494,0.000231169417757,139.999930026,0.552939127526,4999.91556705,0,-0.068453482169,0.0842872202356,0.00381870037484,0.1428012069
0.75,199.999541807,1.36605353985,0.225512737308,-0.228920806551,0.000338918825365,-0.00901451281923,0.998701390238,0.0509434962712,0.000541489473102,1.06124196952e-05,149.999915536,0.619841011006,4999.9079921,0,-0.0664335298505,0.0821972930102,0.00331312705529,0.142801187679
0.8,199.99893191,1.47212409358,0.232455291802,-0.209174990454,0.000221895772631,-0.00885470450698,0.998965262568,0.0454757839865,0.000559738094114,-0.000209633817197,159.99990176,0.687937776689,4999.90086229,0,-0.0636394680883,0.0793400492739,0.00320451333471,0.14280164616
0.85,199.998307255,1.56853786449,0.237972427722,-0.190593315802,0.000141091853341,-0.00848470506264,0.999179866069,0.0404856161543,0.000575111531194,-0.000423524883442,169.999889344,0.756854279157,4999.89423019,0,-0.0603645996273,0.0760113847252,0.00342539413266,0.142802664209
0.9,199.997692315,1.65413227781,0.242237730266,-0.173244828153,8.97690561029e-05,-0.00795907532215,0.999353459215,0.0359433604116,0.000588192124929,-0.0006264397315,179.999878834,0.82624734535,4999.88813541,0,-0.0568196739043,0.0724232076877,0.00390782580875,0.142804285766
0.95,199.997107813,1.72824765861,0.245392820509,-0.157147079338,6.05793888475e-05,-0.0073269616171,0.999493159802,0.031818230416,0.000599487627071,-0.000815068856729,189.999870645,0.895805879396,4999.88260656,0,-0.0531549372779,0.0687258429518,0.00458687499662,0.142806519069
1,199.996569884,1.79065847186,0.247547372532,-0.142282483201,4.64982711424e-05,-0.00663098984973,0.999605023137,0.0280793814415,0.00060940195661,-0.000987261898111,199.999865045,0.965250302515,4999.87766305,0,-0.0494763555519,0.0650246659612,0.00540297854864,0.142809341495
1.05,199.996089799,1.84149915378,0.248783725699,-0.128610189199,4.13583941884e-05,-0.00590685030008,0.999694147893,0.0246966521659,0.000618228106048,-0.0011418560301,209.999862153,1.03433147424,4999.87331654,0,-0.045857561457,0.0613923590239,0.00630338905472,0.142812705745
1.1,199.995674153,1.88119018261,0.24916345356,-0.116074635033,4.01114293766e-05,-0.00518337339636,0.999764791509,0.0216410495195,0.000626155094085,-0.00127850047443,219.999861942,1.10282922637,4999.86957205,0,-0.0423486455755,0.0578778977364,0.00724289730605,0.14281654641
1.15,199.995325376,1.91036826125,0.248734341946,-0.1046116487,3.89083022683e-05,-0.00448293725311,0.999820484347,0.0188850485908,0.00063328317855,-0.00139748764712,229.999864254,1.17055062387,4999.86642897,0,-0.0389826019722,0.0545131273302,0.00818400170241,0.14282078627
1.2,199.995042442,1.92982307362,0.247536810838,-0.0941527506176,3.5051362917e-05,-0.0038220825619,0.999864136521,0.0164027608274,0.000639643004069,-0.00149959772893,239.999868815,1.23732804993,4999.86388175,0,-0.035780041422,0.0513175641651,0.00909667257478,0.142825341912
1.25,199.994821657,1.94044198518,0.245609191204,-0.0846281407445,2.68642944488e-05,-0.00321223987584,0.999898134437,0.0141700096823,0.000645215455317,-0.00158596060607,249.999875255,1.30301719544,4999.86192051,0,-0.0327526348201,0.0483018888467,0.00995783666724,0.142830128443
1.3,199.99465745,1.94316323964,0.242991608337,-0.0759687309036,1.3521369837e-05,-0.00266049887383,0.999924425937,0.0121643423217,0.000649950087054,-0.00165793701041,259.999883129,1.36749501847,4999.86053152,0,-0.0299056274883,0.0454704795675,0.0107506846394,0.142835063235
1.35,199.994543087,1.93893761214,0.239728482282,-0.0681074888071,-5.13391642394e-06,-0.00217036928031,0.999944594079,0.0103649981626,0.000653780956658,-0.00171701916271,269.999891941,1.43065772512,4999.85969768,0,-0.0272396732995,0.0428232464441,0.0114638833952,0.142840068717
1.4,199.994471293,1.9286980736,0.235869801324,-0.0609802900849,-2.87627294185e-05,-0.001742499235,0.999959920253,0.00875284919793,0.000656639357069,-0.00176475017189,279.99990116,1.49241881166,4999.85939884,0,-0.0247521719103,0.0403569590928,0.0120907559892,0.142845074311
1.45,199.994434743,1.91333676139,0.23147138905,-0.0545264221511,-5.66868974935e-05,-0.00137532954982,0.999971437603,0.00731032278039,0.000658463382016,-0.00180266076393,289.999910242,1.55270719738,4999.85961224,0,-0.0224382444146,0.038066207757,0.0126284752378,0.142850017614
1.5,199.994426444,1.89368840637,0.226594406531,-0.0486888446802,-8.80214706423e-05,-0.00106567195836,0.999979975893,0.00602131439656,0.000659204534659,-0.00183222151507,299.999918648,1.61146546874,4999.86031276,0,-0.0202914465565,0.035944100265,0.0130773031544,0.142854844972
1.55,199.994439986,1.87051930583,0.22130432526,-0.043414282496,-0.00012178190666,-0.000809206646396,0.999986198931,0.00487109567826,0.0006588317573,-0.0018548085765,309.999925852,1.66864824851,4999.86147336,0,-0.0183042916109,0.0339827691972,0.0134398969184,0.142859511564
1.6,199.994469709,1.84452093263,0.215669581402,-0.038653205296,-0.000156966637567,-0.000600899502221,0.999990635609,0.00384622124516,0.000657333335516,-0.00187168084091,319.999931359,1.72422069717,4999.86306536,0,-0.0164686352305,0.0321737429464,0.0137206930856,0.142863981132
1.65,199.994510781,1.81630731375,0.209760086218,-0.0343597329479,-0.000192617370817,-0.0004353430523,0.999993705528,0.00293443678962,0.000654717140526,-0.00188396656968,329.999934711,1.7781571494,4999.86505878,0,-0.0147759601148,0.0305082190746,0.0139253748891,0.142868225442
1.7,199.994559214,1.78641538152,0.203645729063,-0.0304914936588,-0.000227860232542,-0.000307027302295,0.999995740066,0.00212458997329,0.000651009644193,-0.00189265763767,339.999935494,1.83043988449,4999.86742272,0,-0.0132175877656,0.0289772672708,0.0140604224417,0.142872223587
1.75,199.994611828,1.75530758601,0.197394972726,-0.0270094540375,-0.000261931100466,-0.000210547987632,0.999996999629,0.00140654511416,0.000646254090101,-0.00189860973099,349.999933343,1.88105802651,4999.87012559,0,-0.0117848368547,0.0275719812209,0.014132742129,0.142875961189
1.8,199.994666196,1.72337614989,0.191073608282,-0.0238777341311,-0.000294188406497,-0.000140760298658,0.99999768773,0.000771102231909,0.000640508143094,-0.00190254703293,359.999927946,1.93000656826,4999.87313552,0,-0.0104691421371,0.0262835929856,0.0141493691669,0.14287942956
1.85,199.994720556,1.69094843973,0.184743709059,-0.0210634162938,-0.000324116420038,-9.28861851252e-05,0.999997962441,0.000209920738001,0.000633841276498,-0.0019050701384,369.999919043,1.97728551111,4999.87642056,0,-0.00926214383194,0.0251035594122,0.0141172359363,0.142882624879
1.9,199.994773722,1.65829301738,0.178462801312,-0.0185363537702,-0.000351321636523,-6.25830232595e-05,0.999997945679,-0.000284552132848,0.000626332096324,-0.00190666613761,379.999906428,2.02289911218,4999.87994901,0,-0.00815575454451,0.0240236272563,0.0140429980558,0.142885547388
1.95,199.994824987,1.62562601818,0.172283252411,-0.0162689828133,-0.000375524466068,-4.59808710587e-05,0.99999773071,-0.000719148178574,0.000618065748284,-0.00190771999801,389.999889946,2.0668552295,4999.88368964,0,-0.00714220878788,0.0230358817155,0.0139329100377,0.142888200659
2,199.994874036,1.59311757744,0.166251865421,-0.0142361407352,-0.000396547993677,-3.96948393463e-05,0.999997388195,-0.00110004048272,0.000609131507966,-0.00190852654569,399.999869494,2.10916475592,4999.88761194,0,-0.00621409875624,0.0221327817271,0.0137927426218,0.142890590916
2.05,199.994920858,1.56089809315,0.16040966098,-0.0124148913331,-0.000414305192175,-4.08183390668e-05,0.999996971045,-0.00143280122453,0.000599620617199,-0.00190930250056,409.999845012,2.14984113236,4999.89168627,0,-0.00536439902803,0.0213071844735,0.0136277343861,0.142892726443
2.1,199.994965673,1.52906416937,0.154791822762,-0.0107843584924,-0.000428785624555,-4.6902181493e-05,0.999996518311,-0.00172245523601,0.00058962440022,-0.00191019815373,419.999816487,2.18889993153,4999.8958841,0,-0.00458648221163,0.0205523609278,0.0134425708887,0.142894617061
2.15,199.995008863,1.4976841332,0.149427780722,-0.00932556835642,-0.000440042380739,-5.59237442535e-05,0.999996058278,-0.00197352951204,0.000579232670916,-0.00191130838941,429.999783944,2.22635850349,4999.90017809,0,-0.00387412709125,0.0198620038757,0.013241385335,0.142896273682
2.2,199.995050919,1.46680305806,0.144341406128,-0.00802130018205,-0.000448179754838,-6.62496971872e-05,0.999995610931,-0.00219009888707,0.000568532426205,-0.00191268284979,439.999747445,2.26223567521,4999.90454226,0,-0.0032215205224,0.0192302295828,0.0130277755301,0.142897707931
2.25,199.995092394,1.43644725794,0.139551293588,-0.00685594583608,-0.000453341979503,-7.65951235587e-05,0.999995189907,-0.00237582809323,0.00055760680946,-0.00191433511954,449.999707084,2.29655149689,4999.90895205,0,-0.0026232541138,0.0186515741013,0.0128048326346,0.142898931836
2.3,199.995133862,1.40662824288,0.135071107291,-0.00581537778437,-0.000455703188948,-8.59812826982e-05,0.999994804024,-0.00253401041325,0.000546534320864,-0.00191625086988,459.999662984,2.32932702828,4999.91338443,0,-0.00207431658366,0.0181209850887,0.0125751779621,0.142899957577
2.35,199.995175894,1.3773461455,0.130909971261,-0.00488682536318,-0.000455458674128,-9.36937430694e-05,0.999994458492,-0.00266760313715,0.000535388247644,-0.00191839495133,469.999615292,2.3605841592,4999.9178179,0,-0.00157008256942,0.0176338099214,0.0123410047244,0.142900797279
2.4,199.995219032,1.34859264232,0.127072886213,-0.00405875908578,-0.000452817417089,-9.92421697519e-05,0.99999415585,-0.00277926002619,0.000524236285646,-0.00192071746142,479.999564175,2.39034545897,4999.92223259,0,-0.00110629858478,0.0171857808146,0.0121041222336,0.142901462857
2.45,199.995263773,1.32035340405,0.123561158406,-0.00332078271419,-0.000447995839439,-0.000102322674384,0.999993896698,-0.00287136098164,0.000513140323881,-0.00192315884089,489.99950982,2.41863405019,4999.92661018,0,-0.000679066746829,0.0167729975961,0.0118660006049,0.142901965896
2.5,199.995310559,1.29261011524,0.12037282858,-0.00266353281164,-0.000441212668117,-0.000102783324028,0.999993680255,-0.00294603910867,0.000502156365048,-0.00192565407045,499.999452426,2.44547350268,4999.93093401,0,-0.000284826832717,0.0163919087229,0.0116278144715,0.142902317568
2.55,199.995359772,1.26534210729,0.117503091577,-0.00207858548059,-0.000432684803686,-0.000100593152393,0.99999350479,-0.00300520535875,0.000491334557099,-0.00192813605157,509.999392204,2.47088774445,4999.93518894,0,7.96628336933e-05,0.0160392910702,0.0113904846174,0.142902528565
2.6,199.995411725,1.23852765015,0.114944699429,-0.00155836998354,-0.00042262406999,-9.58148160863e-05,0.999993367952,-0.00305057092659,0.00048071931347,-0.00193053826089,519.999329372,2.49490098644,4999.93936144,0,0.000417345222014,0.0157122289647,0.0111547167727,0.142902609067
2.65,199.995466668,1.21214494736,0.112688342681,-0.00109608893697,-0.000411234724731,-8.85808834853e-05,0.999993267008,-0.00308366756973,0.000470349502219,-0.00193279676919,529.999264158,2.51753765876,4999.94343943,0,0.000730884774078,0.0154080928774,0.0109210370879,0.142902568716
2.7,199.995524783,1.18617287767,0.110723006323,-0.000685644763176,-0.000398711616584,-7.90736281182e-05,0.99999319903,-0.00310586601141,0.000460258687047,-0.00193485171416,539.999196788,2.53882235624,4999.94741235,0,0.00102268758678,0.0151245181299,0.0106898240279,0.142902416613
2.75,199.995586194,1.16059152333,0.109036298096,-0.000321572080708,-0.000385238883295,-6.75081159396e-05,0.999993161023,-0.00311839257919,0.000450475405691,-0.00193664831178,549.999127493,2.55877979169,4999.95127098,0,0.00129492131597,0.0148593839196,0.0104613366019,0.142902161322
2.8,199.995650964,1.13538252211,0.107614748068,1.02428922051e-06,-0.000370989096087,-5.41183210009e-05,0.999993150021,-0.00312234422387,0.000441023473581,-0.00193813748521,559.999056503,2.57743475525,4999.9550075,0,0.0015495345673,0.0146107929085,0.0102357389804,0.142901810878
2.85,199.995719106,1.1105292764,0.106444079224,0.000286526023952,-0.00035612276704,-3.91459715574e-05,0.999993163151,-0.00311870205512,0.000431922302767,-0.00193927618297,569.998984045,2.59481207894,4999.95861532,0,0.00178827558595,0.0143770515778,0.0100131216497,0.142901372809
2.9,199.995790583,1.08601704883,0.105509449533,0.000538853031485,-0.000340788147226,-2.28318140689e-05,0.99999319768,-0.0031083435222,0.000423187228024,-0.00194002745063,579.998910343,2.61093660524,4999.96208906,0,0.00201271009901,0.0141566515006,0.00979351932294,0.142900854157
2.95,199.995865318,1.06183297016,0.104795666459,0.00076151053407,-0.000325121253968,-5.40898182305e-06,0.999993251039,-0.00309205335997,0.000414829833676,-0.00194036031226,589.998835616,2.62583315915,4999.96542447,0,0.0022242382029,0.0139482516453,0.0095769258779,0.142900261502
3,199.995943198,1.03796598142,0.104287375242,0.000957631819352,-0.000309246075534,1.29018354273e-05,0.999993320839,-0.0030705334125,0.000406858276088,-0.00194024951029,599.998760078,2.63952652295,4999.96861837,0,0.00242411022223,0.0137506617853,0.00936330660994,0.142899600989
3.05,199.996024077,1.01440672903,0.103969222523,0.00113001696855,-0.000293274910158,3.18957072837e-05,0.999993404877,-0.00304441143882,0.000399277597953,-0.00193967514509,609.998683934,2.65204141345,4999.97166853,0,0.00261344149616,0.01356282706,0.00915260810608,0.142898878356
3.1,199.996107784,0.991147428069,0.103825997082,0.00128116786272,-0.000277308804024,5.1385528279e-05,0.999993501135,-0.00301424899751,0.000392090031484,-0.00193862224853,619.998607383,2.66340246109,4999.97457363,0,0.00279322607418,0.0133838137025,0.00894476603994,0.142898098956
3.15,199.996194127,0.968181706525,0.103842749454,0.001413319758,-0.000261438059408,7.12030722895e-05,0.999993607779,-0.00298054849963,0.000385295288436,-0.00193708031971,629.998530616,2.67363419086,4999.97733321,0,0.00296434932454,0.0132127959284,0.00873971117842,0.14289726779
3.2,199.996282897,0.945504440254,0.104004892302,0.00152846970914,-0.000245742789936,9.11992481814e-05,0.999993723146,-0.00294375951224,0.000378890835537,-0.0019350428453,639.998453814,2.68276100471,4999.97994752,0,0.00312759947648,0.0130490439618,0.00853737387312,0.142896389526
3.25,199.996373873,0.923111586565,0.104298283316,0.00162840210779,-0.000230293504528,0.000111243742179,0.999993845739,-0.00290428438795,0.000372872154434,-0.00193250682194,649.998377151,2.6908071652,4999.98241754,0,0.003283678131,0.0128919131575,0.00833768728834,0.142895468527
3.3,199.996466826,0.901000022187,0.104709292397,0.00171471158826,-0.000215151705608,0.000131224206239,0.999993974215,-0.00286248328946,0.00036723298568,-0.00192947229405,659.998300789,2.69779678056,4999.98474485,0,0.0034332097864,0.0127408341701,0.00814058959302,0.14289450887
3.35,199.99656152,0.87916738988,0.1052248548,0.00178882353898,-0.000200370490338,0.000151045126907,0.999994107372,-0.00281867867185,0.000361965556619,-0.00192594191645,669.998224882,2.70375379071,4999.98693158,0,0.00357675043204,0.0125953041113,0.00794602531925,0.14289351437
3.4,199.996657716,0.857611956525,0.105832511771,0.00185201244286,-0.000185995146327,0.000170626486129,0.999994244142,-0.00277315927977,0.000357060793264,-0.00192192054833,679.998149574,2.7087019544,4999.98898037,0,0.00371479526972,0.0124548786296,0.00775394606426,0.142892488597
3.45,199.996755176,0.836332484486,0.106520440177,0.00190541825503,-0.000172063735308,0.000189902304676,0.999994383574,-0.00272618371109,0.000352508516476,-0.00191741488264,689.998075,2.71266483737,4999.99089428,0,0.00384778562486,0.0123191648469,0.00756431068863,0.142891434894
3.5,199.996853664,0.81532811712,0.107277472443,0.00195006101074,-0.000158607659972,0.000208819140227,0.999994524831,-0.00267798359358,0.000348297622872,-0.00191243311276,699.998001282,2.71566580143,4999.99267675,0,0.00397611511135,0.0121878150827,0.00737708514025,0.142890356396
3.55,199.996952948,0.794598278637,0.108093108057,0.001986853842,-0.000145652210674,0.000227334595912,0.999994667173,-0.00262876641678,0.000344416251008,-0.0019069846368,709.997928538,2.71772799437,4999.99433154,0,0.00410013511349,0.012060521297,0.00719224201187,0.142889256042
3.6,199.997052801,0.774142588011,0.108957517768,0.00201661456645,-0.000133217089501,0.000245415881075,0.999994809951,-0.00257871805661,0.00034085193344,-0.00190107979882,719.99785687,2.71887434089,4999.99586269,0,0.00422015964743,0.0119370101871,0.0070097599212,0.142888136589
3.65,199.997153003,0.753960786231,0.109861541497,0.00204007599839,-0.000121316910117,0.000263038454161,0.999994952598,-0.0025280050265,0.00033759173533,-0.0018947296651,729.997786377,2.71912753417,4999.99727446,0,0.00433646966174,0.0118170388716,0.00682962278455,0.142887000624
3.7,199.997253341,0.734052675953,0.110796680897,0.00205789511833,-0.000109961672557,0.000280184767758,0.999995094621,-0.00247677648545,0.000334622380262,-0.00188794583323,739.997717144,2.71851002837,4999.9985713,0,0.00444931683445,0.0117003911043,0.00665181904042,0.142885850579
3.75,199.997353613,0.714418072435,0.111755087391,0.00207066122467,-9.91572125229e-05,0.000296843127725,0.999995235593,-0.00242516602971,0.000331930363987,-0.00188074027123,749.997649251,2.71704403179,4999.99975779,0,0.00455892691971,0.0115868739576,0.00647634086599,0.142884688735
3.8,199.997453624,0.69505676456,0.112729546431,0.00207890317944,-8.89056250772e-05,0.000313006671949,0.999995375144,-0.00237329329234,0.000329502056777,-0.00187312518371,759.997582766,2.71475150078,5000.00083864,0,0.00466550269377,0.0114763149248,0.00630318341831,0.142883517237
3.85,199.997553191,0.675968484716,0.113713458658,0.00208309584869,-7.92056628735e-05,0.000328672469199,0.99999551296,-0.00232126537183,0.000327323795082,-0.0018651129022,769.997517752,2.71165413432,5000.0018186,0,0.00476922654608,0.0113685593929,0.00613234412291,0.142882338097
3.9,199.99765214,0.657152886335,0.114700818535,0.00208366582786,-7.00531094788e-05,0.000343840734776,0.999995648772,-0.00226917810894,0.00032538196318,-0.00185671579651,779.997454263,2.70777336922,5000.00270248,0,0.00487026275723,0.0112634684393,0.00596382202476,0.142881153207
3.95,199.997750307,0.638609527947,0.115686191003,0.00208099653302,-6.14411283856e-05,0.000358514156931,0.999995782355,-0.00221711722845,0.000323663065457,-0.00184794620437,789.997392343,2.70313037591,5000.0034951,0,0.0049687595013,0.0111609169153,0.00579761721027,0.142879964341
4,199.997847541,0.620337862676,0.116664686603,0.00207543273005,-5.33605882959e-05,0.0003726973261,0.99999591352,-0.00216515936079,0.000322153789987,-0.00183881637658,799.997332034,2.69774605484,5000.00420126,0,0.00506485060671,0.0110607917779,0.00563373030437,0.142878773164
4.05,199.997943699,0.602337232198,0.117631935489,0.00206728456599,-4.58003653665e-05,0.000386396257882,0.99999604211,-0.00211337295691,0.000320841064,-0.00182933843535,809.997273367,2.69164103338,5000.00482573,0,0.0051586571057,0.01096299064,0.00547216204288,0.142877581239
4.1,199.998038651,0.584606864293,0.118584060674,0.00205683115959,-3.87476234709e-05,0.000399618000094,0.999996168001,-0.00206181910788,0.000319712101853,-0.00181952434345,819.997216368,2.68483566313,5000.00537321,0,0.00525028859955,0.0108674205082,0.00531291291755,0.142876390027
4.15,199.998132275,0.567145873222,0.119517650842,0.0020443238014,-3.21880733039e-05,0.000412370314066,0.999996291092,-0.00201055227984,0.000318754446069,-0.00180938588224,829.997161058,2.67735001784,5000.00584835,0,0.00533984446298,0.0107739966851,0.00515598288938,0.142875200899
4.2,199.998224461,0.549953262252,0.120429732974,0.00202998880836,-2.61062110078e-05,0.000424661420585,0.999996411305,-0.00195962097324,0.000317956001969,-0.00179893463693,839.997107452,2.66920389157,5000.00625566,0,0.00542741490868,0.0106826418128,0.00500137116443,0.142874015134
4.25,199.99831511,0.533027927771,0.121317745043,0.00201403007207,-2.04855375294e-05,0.000436499801306,0.999996528584,-0.00190906831475,0.000317305066447,-0.0017881819874,849.997055557,2.66041679739,5000.0065996,0,0.00551308193021,0.010593285039,0.00484907602551,0.142872833926
4.3,199.99840413,0.516368664505,0.122179508961,0.00199663133573,-1.53087593844e-05,0.000447894047103,0.999996642889,-0.00185893258887,0.000316790351349,-0.00177713910347,859.99700538,2.65100796635,5000.00688448,0,0.00559692013876,0.0105058612885,0.00469909471304,0.142871658391
4.35,199.998491441,0.499974171453,0.12301320397,0.00197795823041,-1.05579718491e-05,0.00045885274555,0.999996754197,-0.00180924771567,0.000316401001943,-0.00176581694342,869.996956919,2.64099634677,5000.00711447,0,0.00567899750797,0.0104203106256,0.00455142334801,0.142870489563
4.4,199.998576972,0.483843058214,0.123817340599,0.00195816009764,-6.21482556462e-06,0.000469384400519,0.999996862495,-0.00176004368045,0.000316126610912,-0.00175422625493,879.996910171,2.63040060386,5000.00729365,0,0.00575937603813,0.010336577696,0.00440605689069,0.142869328404
4.45,199.99866066,0.467973851465,0.12459073532,0.00193737162225,-2.2606772806e-06,0.000479497377688,0.999996967787,-0.00171134692018,0.000315957228295,-0.0017423775777,889.996865129,2.61923911961,5000.0074259,0,0.00583811235017,0.0102546112354,0.00426298912848,0.142868175805
4.5,199.99874245,0.452365001386,0.125332486005,0.00191571429625,1.32327425002e-06,0.000489199870565,0.999997070083,-0.00166318067126,0.000315883367759,-0.0017302812472,899.996821779,2.60752999291,5000.00751499,0,0.00591525821827,0.0101743636376,0.00412221268763,0.14286703259
4.55,199.998822297,0.437014887894,0.126041948251,0.00189329773247,4.55586630271e-06,0.000498499882387,0.999997169404,-0.00161556528271,0.000315896009585,-0.00171794739901,909.996780108,2.59529103992,5000.00756453,0,0.00599086104839,0.0100957905733,0.00398371906326,0.142865899517
4.6,199.998900163,0.42192182659,0.126718712651,0.0018702208441,7.45586344694e-06,0.00050740521998,0.999997265777,-0.00156851849812,0.000315986600706,-0.00170538597356,919.9967401,2.58253979462,5000.00757795,0,0.00606496430921,0.0100188506521,0.00384749866347,0.14286477728
4.65,199.998976016,0.407084074334,0.127362583043,0.00184657290449,1.00418610803e-05,0.000515923496311,0.999997359236,-0.00152205570971,0.000316147052121,-0.0016926067208,929.996701732,2.56929350953,5000.00755856,0,0.00613760792102,0.0099435051241,0.00371354086349,0.142863666517
4.7,199.999049833,0.392499834433,0.127973555783,0.00182243450008,1.23322005507e-05,0.000524062139071,0.999997449823,-0.00147619018722,0.000316369734,-0.00167961920482,939.996664985,2.5555691567,5000.00750947,0,0.00620882860729,0.00986971761371,0.00358183406661,0.142862567807
4.75,199.999121597,0.378167261401,0.128551800066,0.00179787838753,1.43448949141e-05,0.000531828403132,0.99999753758,-0.00143093328422,0.000316647468753,-0.00166643280816,949.996629833,2.5413834287,5000.00743367,0,0.00627866021301,0.00979745388331,0.00345236576898,0.142861481675
4.8,199.999191297,0.364084465299,0.129097639292,0.00177297026511,1.60975645799e-05,0.000539229385198,0.999997622556,-0.00138629462408,0.000316973522326,-0.00165305673587,959.996596251,2.52675273991,5000.00733395,0,0.00634713399308,0.00972668162226,0.00332512262628,0.142860408595
4.85,199.999258927,0.350249515681,0.129611533496,0.00174776946709,1.76073823316e-05,0.000546272039348,0.999997704804,-0.00134228226764,0.000317341593977,-0.00163950001903,969.996564213,2.51169322779,5000.00721299,0,0.00641427887411,0.0096573702585,0.00320009052024,0.142859348988
4.9,199.999324488,0.336660445136,0.130094062833,0.00172232958912,1.88910267629e-05,0.000552963192496,0.999997784376,-0.00129890286439,0.000317745804745,-0.00162577151811,979.996533688,2.4962207544,5000.00707328,0,0.00648012169193,0.00958949079009,0.00307725462376,0.142858303232
4.95,199.999387986,0.323315252486,0.130545912099,0.00169669905149,1.99646436374e-05,0.00055930955909,0.999997861329,-0.00125616178883,0.00031818068483,-0.00161187992574,989.996504649,2.48035090794,5000.00691718,0,0.00654468740735,0.00952301563429,0.00295659946346,0.142857271658
5,199.99944943,0.310211905647,0.13096785628,0.0016709216065,2.08438143472e-05,0.000565317754578,0.999997935721,-0.0012140632634,0.00031864116007,-0.00159783376929,999.996477064,2.46409900441,5000.00674688,0,0.00660799930208,0.0094579184925,0.00283810897917,0.142856254552
5.05,199.999508834,0.297348344201,0.131360747104,0.00164503679563,2.15435310375e-05,0.000570994307348,0.999998007611,-0.00117261046948,0.000319122537694,-0.00158364141308,1009.9964509,2.44748008934,5000.00656444,0,0.0066700791565,0.00939417422894,0.00272176657957,0.142855252162
5.1,199.999566218,0.284722481699,0.131725500564,0.00161908036135,2.20781777303e-05,0.000576345669009,0.999998077059,-0.00113180564738,0.0003196204915,-0.0015693110603,1019.99642614,2.43050893967,5000.00637179,0,0.00673094741103,0.00933175876204,0.00260755519397,0.142854264695
5.15,199.999621602,0.272332207742,0.132063085391,0.00159308461821,2.24615167774e-05,0.00058137822298,0.999998144126,-0.00109165018671,0.000320131046622,-0.00155485075474,1029.99640273,2.41320006561,5000.0061707,0,0.00679062331247,0.00927064896689,0.00249545731999,0.142853292323
5.2,199.999675014,0.26017538985,0.132374512436,0.00156707878712,2.27066804002e-05,0.000586098291407,0.999998208872,-0.00105214470784,0.000320650563993,-0.00154026838232,1039.99638065,2.39556771266,5000.00596282,0,0.00684912504643,0.00921082258772,0.00238545506719,0.142852335181
5.25,199.99972648,0.248249875171,0.132660824933,0.00154108929641,2.28261665343e-05,0.000590512140548,0.99999827136,-0.00101328913543,0.000321175724647,-0.00152557167244,1049.99635987,2.37762586356,5000.00574969,0,0.00690646985724,0.00915225815945,0.00227753019675,0.142851393373
5.3,199.999776032,0.236553492032,0.132923089595,0.00151514005311,2.28318387128e-05,0.000594625984729,0.999998331649,-0.000975082764883,0.000321703513951,-0.00151076819928,1059.99634036,2.35938824049,5000.00553271,0,0.00696267415622,0.00909493493728,0.00217166415746,0.142850466969
5.35,199.999823705,0.225084051374,0.133162388523,0.00148925268716,2.27349293848e-05,0.000598445989049,0.9999983898,-0.000937524322262,0.00032223120586,-0.00149586538297,1069.99632208,2.34086830711,5000.00531316,0,0.00701775361941,0.00903883283361,0.0020678381182,0.142849556012
5.4,199.999869532,0.213839348082,0.133379811873,0.00146344677137,2.25460464655e-05,0.000601978271004,0.999998445873,-0.00090061201849,0.0003227563473,-0.00148087049073,1079.99630501,2.32207927082,5000.00509222,0,0.00707172327543,0.00898393236148,0.00196603299719,0.142848660517
5.45,199.999913553,0.202817162219,0.133576451247,0.00143774001944,2.22751825347e-05,0.000605228901196,0.999998499929,-0.000864343598283,0.000323276742719,-0.00146579063799,1089.9962891,2.30303408496,5000.00487096,0,0.0071245975846,0.0089302145839,0.0018662294883,0.142847780472
5.5,199.999955806,0.192015260202,0.133753393769,0.00141214846416,2.19317264885e-05,0.000608203903295,0.999998552026,-0.000828716384399,0.00032379043891,-0.00145063278952,1099.99627435,2.2837454511,5000.00465035,0,0.00717639050973,0.0088776610685,0.00176840808475,0.14284691584
5.55,199.999996332,0.181431395905,0.133911716814,0.00138668661793,2.15244771825e-05,0.000610909253403,0.999998602222,-0.000793727317649,0.000324295710131,-0.00143540376051,1109.9962607,2.26422582133,5000.00443127,0,0.00722711557963,0.00882625384696,0.00167254910043,0.142846066563
5.6,200.000035172,0.171063311723,0.134052483331,0.00136136761711,2.10616588574e-05,0.000613350878974,0.999998650574,-0.000759372993111,0.000324791043585,-0.00142011021778,1119.99624814,2.24448740061,5000.0042145,0,0.00727678594561,0.00877597537862,0.00157863268909,0.142845232561
5.65,200.000072371,0.160908739588,0.134176737747,0.00133620335201,2.05509380607e-05,0.000615534657393,0.99999869714,-0.000725649692898,0.0003252751253,-0.00140475868094,1129.99623663,2.22454214919,5000.00400074,0,0.0073254144319,0.00872680851803,0.00148663886179,0.142844413734
5.7,200.00010797,0.150965401951,0.134285502395,0.00131120458376,1.9999441778e-05,0.000617466414347,0.999998741974,-0.000692553415861,0.000325746826443,-0.00138935552361,1139.99622616,2.20440178491,5000.00379062,0,0.00737301358032,0.00867873648585,0.0013965475027,0.142843609964
5.75,200.000142016,0.14123101274,0.134379774438,0.00128638104964,1.94137765898e-05,0.000619151922059,0.999998785131,-0.0006600799045,0.000326205190092,-0.00137390697472,1149.99621668,2.18407778574,5000.00358468,0,0.00741959568987,0.00863174284284,0.00130833838348,0.142842821115
5.8,200.000174551,0.131703278289,0.134460523256,0.0012617415577,1.88000484656e-05,0.000620596897477,0.999998826665,-0.000628224669389,0.000326649418497,-0.00135841911982,1159.99620818,2.16358139216,5000.00338339,0,0.0074651728516,0.00858581146663,0.00122199117651,0.142842047038
5.85,200.000205621,0.122379898243,0.134528688249,0.00123729407203,1.81638832427e-05,0.000621807000466,0.999998866627,-0.000596983011342,0.000327078860832,-0.00134289790245,1169.99620063,2.14292360964,5000.00318716,0,0.00750975697921,0.00854092653084,0.00113748546713,0.142841287568
5.9,200.000235271,0.113258566444,0.134585177041,0.00121304578946,1.75104475589e-05,0.000622787832069,0.99999890507,-0.000566350041561,0.000327493001473,-0.0013273491256,1179.99619401,2.12211521117,5000.00299635,0,0.00755335983584,0.00849707248642,0.00105480076491,0.142840542526
5.95,200.000263546,0.104336971804,0.13463086404,0.00118900320863,1.68444699012e-05,0.000623544932855,0.999998942042,-0.000536320699962,0.000327891448792,-0.0013117784531,1189.99618828,2.10116673972,5000.00281123,0,0.00759599305743,0.00845423404499,0.000973916514228,0.142839811724
6,200.00029049,0.0956127991509,0.134666589325,0.00116517219218,1.61702618176e-05,0.000624083781398,0.999998977593,-0.00050688977186,0.000328273924472,-0.00129619141121,1199.99618344,2.08008851079,5000.00263206,0,0.00763766817291,0.00841239616376,0.000894812104216,0.142839094962
